AAAA	0.013217390364436962
AAAC	0.0063786951718001915
AAAG	0.008153808848357114
AAAT	0.007490587075799825
AACA	0.0065331788648336385
AACC	0.004507147206778556
AACG	0.0008847406445066185
AACT	0.004472571509834084
AAGA	0.007948959238964819
AAGC	0.004822463237764631
AAGG	0.007425179754555527
AAGT	0.0038873241197457313
AATA	0.0050206711878568585
AATC	0.004453786032303989
AATG	0.005678846601632233
AATT	0.005633852615589615
ACAA	0.004383495138044935
ACAC	0.0038719897004793977
ACAG	0.005328889759394822
ACAT	0.003832693216287328
ACCA	0.00515386250254597
ACCC	0.004267656786134924
ACCG	0.0008550485205769023
ACCT	0.004555006222323164
ACGA	0.0004708415529293364
ACGC	0.0005273607712867785
ACGG	0.0007549678309278372
ACGT	0.0005583877385071946
ACTA	0.002509277486441899
ACTC	0.004384276509727296
ACTG	0.0044134802763555366
ACTT	0.0036746282363763942
AGAA	0.008278828317534867
AGAC	0.006758767380961931
AGAG	0.009374083516130897
AGAT	0.006030919658842705
AGCA	0.006455562611052451
AGCC	0.007304197372403306
AGCG	0.0012473622194289632
AGCT	0.006374169727473185
AGGA	0.009981990685007717
AGGC	0.009115449489269423
AGGG	0.009282793257908394
AGGT	0.0052832446302835704
AGTA	0.003590728451982887
AGTC	0.00401914803399071
AGTG	0.006700652862086335
AGTT	0.004002478771433677
ATAA	0.004336059365494939
ATAC	0.00285102992601452
ATAG	0.0035630548715659366
ATAT	0.0036003979265521037
ATCA	0.005119351919908361
ATCC	0.004707503928997276
ATCG	0.0009278788728036293
ATCT	0.005439356180988602
ATGA	0.00483542098483045
ATGC	0.003947066496292912
ATGG	0.006119670459097537
ATGT	0.00495907305356407
ATTA	0.004880512642333364
ATTC	0.00403555683932029
ATTG	0.0037992895768663975
ATTT	0.006866140872979699
CAAA	0.00614988349748216
CAAC	0.003479317872939588
CAAG	0.005226171940317789
CAAT	0.003129328473548745
CACA	0.00555532476151234
CACC	0.00640841985288334
CACG	0.0013989483258069876
CACT	0.0052943466196037825
CAGA	0.005389283279010637
CAGC	0.0062201743917412134
CAGG	0.009441021023586486
CAGT	0.003605607071101177
CATA	0.0026832954715343693
CATC	0.004289307293167009
CATG	0.005830497822317121
CATT	0.004154423006499449
CCAA	0.004885428772501551
CCAC	0.0058001219981653395
CCAG	0.008515974623131415
CCAT	0.005095454969289488
CCCA	0.008222146313410266
CCCC	0.0051818290973438055
CCCG	0.0019800284002560817
CCCT	0.005580361212501322
CCGA	0.0007842692690163729
CCGC	0.0011679227650555999
CCGG	0.001137644612364113
CCGT	0.0008044872612974625
CCTA	0.00269228124588152
CCTC	0.007360684033607317
CCTG	0.00824418750628353
CCTT	0.004527820999207689
CGAA	0.0007495307863047422
CGAC	0.0004927525171888747
CGAG	0.0013783396476847176
CGAT	0.0007833576687202851
CGCA	0.0007192851907666871
CGCC	0.001523609666296991
CGCG	0.00035028241377172797
CGCT	0.000791236499850758
CGGA	0.0008787826854286163
CGGC	0.0011038177299485701
CGGG	0.0018076708299886285
CGGT	0.0005164866820405886
CGTA	0.0003539288149560791
CGTC	0.0007535353161768421
CGTG	0.0012484691626456412
CGTT	0.0005439974766903805
CTAA	0.0034961173641103486
CTAC	0.0031946706804861797
CTAG	0.003156741596738242
CTAT	0.0026748631687955574
CTCA	0.007676846550582617
CTCC	0.009055381541187924
CTCG	0.0021259170047835574
CTCT	0.006598325728850482
CTGA	0.005658107694896237
CTGC	0.006887986722932373
CTGG	0.008682667248701752
CTGT	0.006448855837445519
CTTA	0.0026431199441996436
CTTC	0.004979128260078002
CTTG	0.005476080650059566
CTTT	0.005333024517880649
GAAA	0.0058238561630170535
GAAC	0.0034584487375898644
GAAG	0.005128826051556987
GAAT	0.003723301180756795
GACA	0.0045283093565091645
GACC	0.0023000326613363225
GACG	0.0010969807277279118
GACT	0.002674114354266628
GAGA	0.007167815456677889
GAGC	0.0027567769668297303
GAGG	0.006476757317936491
GAGT	0.002834588563531508
GATA	0.002435209962384767
GATC	0.004067886092677974
GATG	0.004605372138682014
GATT	0.003595905039378528
GCAA	0.00253180703661664
GCAC	0.0025544342582516756
GCAG	0.003741468072371687
GCAT	0.002804115067919431
GCCA	0.004998825337904184
GCCC	0.0035264606311086986
GCCG	0.001024801518569819
GCCT	0.005703101680938854
GCGA	0.0003742444786974638
GCGC	0.00048558994343389934
GCGG	0.0005637596688234262
GCGT	0.00043541936999563996
GCTA	0.002799361723518402
GCTC	0.003587277393719126
GCTG	0.0051385931975865
GCTT	0.0031028269506553365
GGAA	0.005500107829292166
GGAC	0.0029080375016734376
GGAG	0.00780303807728391
GGAT	0.003994892954684089
GGCA	0.005360828326911326
GGCC	0.0042964698669219845
GGCG	0.0015122472197493255
GGCT	0.0055809797984165245
GGGA	0.006740274917812722
GGGC	0.0041439070459410084
GGGG	0.005527195380947345
GGGT	0.0035264931882621306
GGTA	0.0021722458341168756
GGTC	0.003030517512883517
GGTG	0.005132081766900158
GGTT	0.0033350245689302655
GTAA	0.002983472426174701
GTAC	0.001695641665030127
GTAG	0.0036225693480390958
GTAT	0.002713703852839583
GTCA	0.0036535312009526484
GTCC	0.0034735878139356075
GTCG	0.0006340831202359117
GTCT	0.005620862311370364
GTGA	0.004673774718042028
GTGC	0.00358620300765588
GTGG	0.005723222001759649
GTGT	0.004054212088236657
GTTA	0.0024601487419134544
GTTC	0.003189559207397402
GTTG	0.0036954322574192545
GTTT	0.005374730231426665
TAAA	0.0034057061490305003
TAAC	0.0017962758262875312
TAAG	0.0023244179692566706
TAAT	0.0030452984605415113
TACA	0.0029541384309327338
TACC	0.0017687324744843078
TACG	0.0003172694601919778
TACT	0.0022891911292435645
TAGA	0.002977840038631016
TAGC	0.0021532975708196222
TAGG	0.002561629389160083
TAGT	0.0016036677065855568
TATA	0.0022695917228776775
TATC	0.0018020384424449433
TATG	0.0022539317320770264
TATT	0.003790271245365815
TCAA	0.0027074528793806954
TCAC	0.003936485421427608
TCAG	0.0036845581681730646
TCAT	0.0028184727725828135
TCCA	0.0037855504581182173
TCCC	0.004950640750825259
TCCG	0.0006615288005788402
TCCT	0.004891419288732985
TCGA	0.0005362163170202026
TCGC	0.000599800437672325
TCGG	0.000606669997046415
TCGT	0.00043903321402655936
TCTA	0.0021403072666003717
TCTC	0.004937520217992281
TCTG	0.003757779206240972
TCTT	0.004060918861843589
TGAA	0.004286409706511587
TGAC	0.0025464577556609078
TGAG	0.005121663477802012
TGAT	0.003629536578873481
TGCA	0.004027938465417271
TGCC	0.004100150231728795
TGCG	0.0005764569586617916
TGCT	0.0037546862766649597
TGGA	0.005157346117963162
TGGC	0.004136191000577694
TGGG	0.006694043759939699
TGGT	0.003826930600129916
TGTA	0.003250180627087239
TGTC	0.0030174620943574024
TGTG	0.00397373080495348
TGTT	0.004620836786562074
TTAA	0.002540337010815747
TTAC	0.0018657202345573607
TTAG	0.0024424050932931743
TTAT	0.002915655875576457
TTCA	0.0037453749307834916
TTCC	0.0036268994494455128
TTCG	0.00048825963001529926
TTCT	0.004635357276992615
TTGA	0.0026308458973558903
TTGC	0.0022588153050917825
TTGG	0.0024960267249951947
TTGT	0.0029349297104080273
TTTA	0.003438751659763682
TTTC	0.004121833295914311
TTTG	0.00445743243348834
TTTT	0.008930622529237627
