AAAA	0.012420354192540716
AAAC	0.005760058548843333
AAAG	0.007740863824398857
AAAT	0.007010143015721325
AACA	0.005959790422859173
AACC	0.004260803123739645
AACG	0.0009164972854599552
AACT	0.004408740465373747
AAGA	0.007487311226025463
AAGC	0.0048186391020808685
AAGG	0.0070463105424896
AAGT	0.004289777668993782
AATA	0.004671816166033464
AATC	0.004079560251503105
AATG	0.005432473961153645
AATT	0.0052541184124826395
ACAA	0.004294817821533618
ACAC	0.003971640201391325
ACAG	0.005736934632919358
ACAT	0.003781431429661809
ACCA	0.004941831574210345
ACCC	0.004345751222325637
ACCG	0.0009208029434085595
ACCT	0.004546622829327873
ACGA	0.0005628761308810602
ACGC	0.0006590189401334228
ACGG	0.0009698367892232523
ACGT	0.0006480521760643307
ACTA	0.0024195771479179917
ACTC	0.004356211438400775
ACTG	0.004550624558480105
ACTT	0.0035985422764449205
AGAA	0.007277017826335694
AGAC	0.005977544930047242
AGAG	0.008559774638823682
AGAT	0.005366673376739093
AGCA	0.006038330689321654
AGCC	0.007048362061865112
AGCG	0.0013624368119368642
AGCT	0.006161776435448107
AGGA	0.008887435208712463
AGGC	0.008868237039741628
AGGG	0.008576668014422029
AGGT	0.005425711545434367
AGTA	0.0032874711533581145
AGTC	0.0035516865870042274
AGTG	0.0063239477757123
AGTT	0.003526131240709277
ATAA	0.0037905746209526687
ATAC	0.0025487975411755135
ATAG	0.0031717502641394513
ATAT	0.003138976608930664
ATCA	0.004417377108670653
ATCC	0.004223774465381649
ATCG	0.0009021619772310729
ATCT	0.004790323069218872
ATGA	0.004370876002825728
ATGC	0.003794652332303994
ATGG	0.005950166010974058
ATGT	0.00446962753424695
ATTA	0.004214631274090789
ATTC	0.003592413045718084
ATTG	0.0034286207518732397
ATTT	0.0059993264937872395
CAAA	0.005517016821344474
CAAC	0.0030913864248987384
CAAG	0.004872561136037212
CAAT	0.002753544240331493
CACA	0.004958978223805669
CACC	0.0057799405576060055
CACG	0.0013911834105937218
CACT	0.004737996661443481
CAGA	0.005296161895980775
CAGC	0.00653021411885014
CAGG	0.00931534162660463
CAGT	0.003842977010927152
CATA	0.0024235282222708284
CATC	0.003717403763226095
CATG	0.005331797547355399
CATT	0.0036784502224910753
CCAA	0.004359554655160868
CCAC	0.005614932548575673
CCAG	0.008431035466160416
CCAT	0.0045622498349413365
CCCA	0.007301610731442133
CCCC	0.004932966984316159
CCCG	0.002085204817109327
CCCT	0.005202070606103924
CCGA	0.0008710599304023319
CCGC	0.001468609271469505
CCGG	0.0014152191129068125
CCGT	0.0009277173235260239
CCTA	0.0023965038867934125
CCTC	0.006820111535789692
CCTG	0.00786648772689931
CCTT	0.004127302399933217
CGAA	0.0006837384822383505
CGAC	0.000505154986970066
CGAG	0.0014336068050873224
CGAT	0.0006740634155538398
CGCA	0.0007235024997636954
CGCC	0.0016236382850189546
CGCG	0.0004482189924496995
CGCT	0.0008371971970065445
CGGA	0.0009345557214443952
CGGC	0.0012917733667803597
CGGG	0.0020414897252311456
CGGT	0.000603653244394312
CGTA	0.0003383740599608965
CGTC	0.0007375592065959033
CGTG	0.0013029934048464284
CGTT	0.0005335976568305514
CTAA	0.0029795406278338194
CTAC	0.0028275509022480903
CTAG	0.0027455914368264243
CTAT	0.002271031948691146
CTCA	0.006380022638642946
CTCC	0.007958096931605789
CTCG	0.0018744555242249993
CTCT	0.005762211377817635
CTGA	0.0050361254832847775
CTGC	0.006506330380935236
CTGG	0.008154738862858514
CTGT	0.005662117494212436
CTTA	0.0022988414335591897
CTTC	0.00433222639088708
CTTG	0.004754256852049387
CTTT	0.004625340387588237
GAAA	0.0059796977590215435
GAAC	0.003716846560432746
GAAG	0.005726195815447546
GAAT	0.0038062016265661323
GACA	0.004537910203831873
GACC	0.0025881563203056955
GACG	0.0012832380330822443
GACT	0.0028625027138308775
GAGA	0.008098360071131495
GAGC	0.0034939654430932335
GAGG	0.007939861203823464
GAGT	0.0034417150175169364
GATA	0.002385207866528251
GATC	0.004048812788270131
GATG	0.004855414486441888
GATT	0.0035898296509489216
GCAA	0.002852194462153925
GCAC	0.0031094701882828763
GCAG	0.0046595830319794895
GCAT	0.003057625001101742
GCCA	0.005602952688518674
GCCC	0.0042911960033768515
GCCG	0.0014026060678573719
GCCT	0.006452788257974357
GCGA	0.0004806633914624172
GCGC	0.0006937428051189308
GCGG	0.0008195693268169649
GCGT	0.000576628908916896
GCTA	0.0029308360382151962
GCTC	0.004143233334343052
GCTG	0.006335800998770811
GCTT	0.003395011292474429
GGAA	0.005545434163805261
GGAC	0.003253380473365048
GGAG	0.009100742568966256
GGAT	0.003953328491409908
GGCA	0.005924053461885758
GGCC	0.004985496011289131
GGCG	0.002014364080154939
GGCT	0.0062426974774821686
GGGA	0.0074649218046927215
GGGC	0.0051673973959178105
GGGG	0.006729794028467795
GGGT	0.004176665501943979
GGTA	0.0022392460620705677
GGTC	0.0032476058262339786
GGTG	0.005992209494472193
GGTT	0.003421959645752752
GTAA	0.0028106321992500457
GTAC	0.0016881978268483203
GTAG	0.003674980368732494
GTAT	0.0024116243444129225
GTCA	0.0034478442482437726
GTCC	0.003439891444738704
GTCG	0.0007242876491543232
GTCT	0.005056615349640194
GTGA	0.004825832083595007
GTGC	0.00396822100243214
GTGG	0.00650878713870591
GTGT	0.004094528744724429
GTTA	0.0022438049940161488
GTTC	0.0029686245185641226
GTTG	0.0037268508833133264
GTTT	0.0048135482947416364
TAAA	0.0036364320663926377
TAAC	0.0019438019445972249
TAAG	0.0025812925949876267
TAAT	0.0032566477079260477
TACA	0.003185376405176799
TACC	0.0019968628469638474
TACG	0.00036339753086219633
TACT	0.0024765637972377534
TAGA	0.0032941575868782997
TAGC	0.002528079728222818
TAGG	0.0029246054978895692
TAGT	0.001826308137399725
TATA	0.0023641607973794855
TATC	0.0018483429751366995
TATG	0.0023969091251885752
TATT	0.0038216260129820146
TCAA	0.0028278041762450673
TCAC	0.004208071477569093
TCAG	0.003958191352151861
TCAT	0.002975108332886727
TCCA	0.004098023925882708
TCCC	0.005566911798748887
TCCG	0.0007728656017744579
TCCT	0.005186544910089251
TCGA	0.000550997580422852
TCGC	0.0006805472298764438
TCGG	0.0007012903702288371
TCGT	0.00048236032724216125
TCTA	0.002231014657168824
TCTC	0.005217621629518294
TCTG	0.0041087120885551255
TCTT	0.004200093346664326
TGAA	0.004437309772232721
TGAC	0.002777655924843677
TGAG	0.005816361358371258
TGAT	0.003645752549481381
TGCA	0.004456229339806881
TGCC	0.004768009630085223
TGCG	0.0007313793210696713
TGCT	0.004154377390210028
TGGA	0.0056126024278034875
TGGC	0.004881273761533212
TGGG	0.007806639081413711
TGGT	0.004371002639824216
TGTA	0.0033134064106485304
TGTC	0.003243553442282351
TGTG	0.004386680300237074
TGTT	0.0046606974375661865
TTAA	0.002720643948124217
TTAC	0.002060333310606213
TTAG	0.002567058596357535
TTAT	0.0029468682822238225
TTCA	0.0038576922301514992
TTCC	0.0038794737938914973
TTCG	0.0005446404030987365
TTCT	0.004796984175339359
TTGA	0.0029063444427075476
TTGC	0.0024556433650874763
TTGG	0.002783481226774141
TTGT	0.0032132871996436332
TTTA	0.0035567014121443666
TTTC	0.004259967319549622
TTTG	0.004726143438384971
TTTT	0.009021898373707404
