AAAA	0.012420913640683841
AAAC	0.006273905227121396
AAAG	0.008470157632779952
AAAT	0.007430633725327846
AACA	0.006428505424119125
AACC	0.004417646490090917
AACG	0.0009928586276272031
AACT	0.004673684909956477
AAGA	0.00808693189676457
AAGC	0.0052605529621743705
AAGG	0.007510838849735448
AAGT	0.0048432063763945415
AATA	0.005175171609783927
AATC	0.004312378914888841
AATG	0.006191904268515664
AATT	0.005394025698017645
ACAA	0.00451118832435227
ACAC	0.004133534956216374
ACAG	0.005832446926299043
ACAT	0.004149010821512013
ACCA	0.005131041625297557
ACCC	0.004309658754265205
ACCG	0.0009534295032477001
ACCT	0.004623929738937734
ACGA	0.000588584658436693
ACGC	0.0006354083942202556
ACGG	0.0009219231768011181
ACGT	0.0007085886377940015
ACTA	0.0026168737479173275
ACTC	0.004290987360469955
ACTG	0.004807157645799751
ACTT	0.0038572669922954223
AGAA	0.007901987383683752
AGAC	0.0058666205947163754
AGAG	0.00863833222356942
AGAT	0.005457276034848796
AGCA	0.00646003815989215
AGCC	0.006628212750681618
AGCG	0.0014211650838809064
AGCT	0.006067199429051489
AGGA	0.009200877286133247
AGGC	0.008291102399495941
AGGG	0.008468044886664508
AGGT	0.005590537496080526
AGTA	0.003604450510255917
AGTC	0.003630278831517239
AGTG	0.006368133703870268
AGTT	0.003917691531197165
ATAA	0.004258530298271422
ATAC	0.0027366664526630915
ATAG	0.0034712946863299596
ATAT	0.0035539030594438814
ATCA	0.004676220205295012
ATCC	0.00434024075428628
ATCG	0.0009517128970289006
ATCT	0.005093804475012829
ATGA	0.005014418039724962
ATGC	0.003973124707401169
ATGG	0.005947776454875929
ATGT	0.004853162692463578
ATTA	0.004194804593564296
ATTC	0.00402639231883684
ATTG	0.003797978054430731
ATTT	0.006566335698825506
CAAA	0.005077140190027252
CAAC	0.0030322660435403697
CAAG	0.0048490956561913455
CAAT	0.0029241990797353287
CACA	0.004847907236501407
CACC	0.005193288407723872
CACG	0.0012588533635618006
CACT	0.0045468937337033
CAGA	0.005201739392185655
CAGC	0.00623875441362567
CAGG	0.008524138296029587
CAGT	0.0040060307281492335
CATA	0.002670775183187633
CATC	0.0038998124171952075
CATG	0.00529866162023172
CATT	0.0040957432100763415
CCAA	0.004074615748921886
CCAC	0.005174669832581508
CCAG	0.007613676766904762
CCAT	0.004491381329519968
CCCA	0.006415221532918261
CCCC	0.004508283298443532
CCCG	0.0017766610271310668
CCCT	0.004824878303843051
CCGA	0.0007338359538735761
CCGC	0.0011573095033881977
CCGG	0.0011574679593468562
CCGT	0.0008861121301443156
CCTA	0.002368731716658245
CCTC	0.00639438457435468
CCTG	0.007434542305641421
CCTT	0.004127698495072455
CGAA	0.000642037135157466
CGAC	0.00045986560135317163
CGAG	0.0013082388040103407
CGAT	0.0006600218864651964
CGCA	0.000585151445999094
CGCC	0.0011488057002735294
CGCG	0.0003044467152357068
CGCT	0.000673517052277605
CGGA	0.0008321314668946813
CGGC	0.0011158732701990214
CGGG	0.0017477164053494626
CGGT	0.000590433311287708
CGTA	0.0003561561764112372
CGTC	0.0007231137673376898
CGTG	0.001187046404963094
CGTT	0.0005431606169546133
CTAA	0.0030773203544522468
CTAC	0.002790277385342523
CTAG	0.0028455256962614246
CTAT	0.0023818307425740076
CTCA	0.006030675330580724
CTCC	0.007366353424765415
CTCG	0.0016596941203147115
CTCT	0.005729767465088389
CTGA	0.004814657894509583
CTGC	0.00621036438769937
CTGG	0.007817187036475057
CTGT	0.005540095682574263
CTTA	0.002541554348901693
CTTC	0.004578030329579679
CTTG	0.004727295842635908
CTTT	0.005000975692565439
GAAA	0.006723524009814657
GAAC	0.003954136401688602
GAAG	0.0063881783826405586
GAAT	0.004242579065099808
GACA	0.004665682884044227
GACC	0.002630633006994167
GACG	0.0012308066588792605
GACT	0.0031960302768138447
GAGA	0.008063348368250909
GAGC	0.0036981508004759276
GAGG	0.008195870368342233
GAGT	0.003533303784818287
GATA	0.0027518518153678566
GATC	0.004034209479463989
GATG	0.00508297665117117
GATT	0.00391032332911955
GCAA	0.0029638130693999333
GCAC	0.0030219928155540156
GCAG	0.004589386339950199
GCAT	0.0031336250384288713
GCCA	0.005320343677241481
GCCC	0.003981073914660533
GCCG	0.0012645577780735036
GCCT	0.006022303574098271
GCGA	0.00047299103659537725
GCGC	0.0006348802076913941
GCGG	0.0007726312544184454
GCGT	0.0005481255703259104
GCTA	0.002896891836193195
GCTC	0.00395498150013478
GCTG	0.006059408677750784
GCTT	0.0035057588573381656
GGAA	0.005930900895278807
GGAC	0.003481224593072554
GGAG	0.0086906226899267
GGAT	0.004092838184167604
GGCA	0.0058043738122900606
GGCC	0.004847907236501407
GGCG	0.0018220058406338176
GGCT	0.006010789107769093
GGGA	0.007419885129465517
GGGC	0.005053556661513591
GGGG	0.006643873481262359
GGGT	0.004101579671220259
GGTA	0.0024230028824987534
GGTC	0.0032278271058513003
GGTG	0.005783827356317352
GGTT	0.0035788598729325823
GTAA	0.0029878191471366835
GTAC	0.0018706254106155087
GTAG	0.003563727328880703
GTAT	0.002615579690921617
GTCA	0.0036608608315383136
GTCC	0.0035240341112367695
GTCG	0.0007235099072343358
GTCT	0.0048785156458489255
GTGA	0.0049430072210229015
GTGC	0.003900023691806752
GTGG	0.006239916423989165
GTGT	0.004211072738653226
GTTA	0.0024781719654383256
GTTC	0.0031970866498715676
GTTG	0.003852143582965467
GTTT	0.004988087941261221
TAAA	0.003479111846957108
TAAC	0.002032673037670184
TAAG	0.0026312932401552436
TAAT	0.0033586589090502674
TACA	0.0029615154579993863
TACC	0.0020653941931331474
TACG	0.0003856025753952598
TACT	0.002507856048360336
TAGA	0.003010610395857053
TAGC	0.002304213732157826
TAGG	0.002950080219649537
TAGT	0.0018681693432563032
TATA	0.002553781867044834
TATC	0.0020934144884892443
TATG	0.0026639879862917636
TATT	0.004073084007988188
TCAA	0.0025847071883096685
TCAC	0.003606563256371362
TCAG	0.0037333280232980967
TCAT	0.0030506997533976325
TCCA	0.003757888696890151
TCCC	0.004734294314143322
TCCG	0.0007309309279648384
TCCT	0.0046649698322302645
TCGA	0.00047755985007002827
TCGC	0.000586683186932792
TCGG	0.0006074409175170448
TCGT	0.0004625065339974786
TCTA	0.0023247337788040914
TCTC	0.005015051863559595
TCTG	0.00422874057804364
TCTT	0.004163800044320131
TGAA	0.004369291013373656
TGAC	0.0027500295718432847
TGAG	0.005389720977807424
TGAT	0.003824994795381991
TGCA	0.003730106085472042
TGCC	0.003896696116674925
TGCG	0.000645470347595065
TGCT	0.003703115753847225
TGGA	0.005166324485425498
TGGC	0.004657284718235331
TGGG	0.007340947652727182
TGGT	0.004076173899182026
TGTA	0.0031306936031936902
TGTC	0.0032287250229503647
TGTG	0.004468854174064029
TGTT	0.004530044583432621
TTAA	0.0027583485096728515
TTAC	0.0022072915041117603
TTAG	0.002461058721903217
TTAT	0.003171865743118436
TTCA	0.003780257396387431
TTCC	0.0037611106347162056
TTCG	0.0005490498967514178
TTCT	0.004790783863405048
TTGA	0.0026814709603970757
TTGC	0.0023950089964690996
TTGG	0.0028114576651498647
TTGT	0.003206778872676174
TTTA	0.0035514205827582327
TTTC	0.004541004453906495
TTTG	0.004756002780479525
TTTT	0.008290891124884396
